param,value,sigma_m,sigma_p
planet_radius,1.3992639411649914,4.8147744310389484e-05,5.300950384867775e-05
T_irr,1718.119438744594,0.19588619292903786,0.35030704419386893
log_H2O,-3.44208680904063,0.00334311640880669,0.0035241272512323008
log_CH4,-7.928570431566574,0.04430205943060095,0.11577984736283486
log_CO2,-6.103165603333213,0.012057910073308697,0.011621141328050477
log_CO,-6.618993673251739,0.35476870260508964,0.29775034028924185
