param	value	sigma_m	sigma_p
planet_radius	1.3998545281428934	4.4118869883202905e-05	5.294284123014137e-05
T_irr	1719.4077052568107	0.2495011089943091	0.21026144076859055
log_H2O	-3.3060861824081873	0.004133155393222676	0.0035173493221423158
log_CH4	-5.582526082976074	0.012913345360797912	0.011999715075968531
log_CO2	-4.4948495543462235	0.007971142579073387	0.009717476233567446
log_CO	-8.694944280673496	0.7399174686978736	0.9797918503145979
